epoch,train_loss,train_acc,val_loss,val_acc
1,0.7739089094432055,0.7581717451523545,0.5601225769398017,0.8112566715186803
2,0.40455187448358115,0.8704293628808865,0.5468188370936192,0.8088306647258612
3,0.3040106339066957,0.9017313019390581,0.24803885378373358,0.9189713731198448
4,0.2546768785512025,0.9165512465373962,0.20751272414882596,0.9296458030082484
5,0.21676963903998905,0.9303324099722992,0.18070284264305464,0.9388646288209607
